[{"model": "workouts.workout", "pk": 1, "fields": {"start": "2019-08-12T14:00:00Z", "end": "2019-08-11T15:00:00Z", "name": "Monday's Legs session", "notes": null, "plan": 1, "plan_session": 3, "user": 1, "status": "f"}}, {"model": "workouts.workout", "pk": 2, "fields": {"start": "2019-08-13T14:00:00Z", "end": "2019-08-13T15:00:00Z", "name": "Tuesday's Push session", "notes": null, "plan": 1, "plan_session": 1, "user": 1, "status": "f"}}, {"model": "workouts.workout", "pk": 3, "fields": {"start": "2019-08-16T14:00:00Z", "end": "2019-08-16T14:00:00Z", "name": "Friday's Pull session", "notes": null, "plan": 1, "plan_session": 2, "user": 1, "status": "f"}}, {"model": "workouts.workout", "pk": 4, "fields": {"start": "2019-08-18T14:00:00Z", "end": "2019-08-18T15:00:00Z", "name": "Sunday's Push session", "notes": null, "plan": 1, "plan_session": 1, "user": 1, "status": "f"}}, {"model": "workouts.workout", "pk": 5, "fields": {"start": "2019-08-21T14:00:00Z", "end": "2019-08-21T15:00:00Z", "name": "Wednesday's Legs session", "notes": null, "plan": 1, "plan_session": 3, "user": 1, "status": "f"}}, {"model": "workouts.workout", "pk": 6, "fields": {"start": "2019-08-22T14:00:00Z", "end": "2019-08-22T15:00:00Z", "name": "Thursday's Push session", "notes": null, "plan": 1, "plan_session": 1, "user": 1, "status": "f"}}, {"model": "workouts.workoutgroup", "pk": 1, "fields": {"order": 1, "name": "Squat", "plan_session_group": 1, "workout": 1}}, {"model": "workouts.workoutgroup", "pk": 2, "fields": {"order": 2, "name": "Romanian Deadlift", "plan_session_group": 2, "workout": 1}}, {"model": "workouts.workoutgroup", "pk": 3, "fields": {"order": 1, "name": "Bench Press /Strength", "plan_session_group": 3, "workout": 2}}, {"model": "workouts.workoutgroup", "pk": 4, "fields": {"order": 2, "name": "Overhead Press /Strength", "plan_session_group": 6, "workout": 2}}, {"model": "workouts.workoutgroup", "pk": 5, "fields": {"order": 3, "name": "Incline Dumbbell Bench Press", "plan_session_group": 7, "workout": 2}}, {"model": "workouts.workoutgroup", "pk": 6, "fields": {"order": 1, "name": "Rows", "plan_session_group": 9, "workout": 3}}, {"model": "workouts.workoutgroup", "pk": 7, "fields": {"order": 2, "name": "Curls", "plan_session_group": 10, "workout": 3}}, {"model": "workouts.workoutgroup", "pk": 8, "fields": {"order": 1, "name": "Bench Press /Strength", "plan_session_group": 3, "workout": 4}}, {"model": "workouts.workoutgroup", "pk": 9, "fields": {"order": 2, "name": "Overhead Press /Aesthetics", "plan_session_group": 5, "workout": 4}}, {"model": "workouts.workoutgroup", "pk": 10, "fields": {"order": 3, "name": "Incline Dumbbell Bench Press", "plan_session_group": 7, "workout": 4}}, {"model": "workouts.workoutgroup", "pk": 11, "fields": {"order": 1, "name": "Squat", "plan_session_group": 1, "workout": 5}}, {"model": "workouts.workoutgroup", "pk": 12, "fields": {"order": 2, "name": "Romanian Deadlift", "plan_session_group": 2, "workout": 5}}, {"model": "workouts.workoutgroup", "pk": 13, "fields": {"order": 1, "name": "Bench Press /Aesthetics", "plan_session_group": 4, "workout": 6}}, {"model": "workouts.workoutgroup", "pk": 14, "fields": {"order": 2, "name": "Overhead Press /Strength", "plan_session_group": 6, "workout": 6}}, {"model": "workouts.workingweight", "pk": 1, "fields": {"workout": 1, "exercise": 113, "weight": "10.00", "unit": 1, "previous_parameter_value": "10.00", "previous_unit": 1, "manually_changed": true}}, {"model": "workouts.workingweight", "pk": 2, "fields": {"workout": 1, "exercise": 272, "weight": "10.00", "unit": 1, "previous_parameter_value": "10.00", "previous_unit": 1, "manually_changed": true}}, {"model": "workouts.workingweight", "pk": 3, "fields": {"workout": 1, "exercise": 166, "weight": "38.00", "unit": 1, "previous_parameter_value": null, "previous_unit": null, "manually_changed": true}}, {"model": "workouts.workingweight", "pk": 4, "fields": {"workout": 1, "exercise": 124, "weight": "2.00", "unit": 1, "previous_parameter_value": "2.00", "previous_unit": 1, "manually_changed": true}}, {"model": "workouts.workingweight", "pk": 5, "fields": {"workout": 1, "exercise": 271, "weight": "28.00", "unit": 1, "previous_parameter_value": null, "previous_unit": null, "manually_changed": true}}, {"model": "workouts.workingweight", "pk": 6, "fields": {"workout": 2, "exercise": 113, "weight": "20.00", "unit": 1, "previous_parameter_value": "10.00", "previous_unit": 1, "manually_changed": true}}, {"model": "workouts.workingweight", "pk": 7, "fields": {"workout": 2, "exercise": 272, "weight": "16.00", "unit": 1, "previous_parameter_value": "10.00", "previous_unit": 1, "manually_changed": true}}, {"model": "workouts.workingweight", "pk": 8, "fields": {"workout": 2, "exercise": 166, "weight": "38.00", "unit": 1, "previous_parameter_value": "38.00", "previous_unit": 1, "manually_changed": false}}, {"model": "workouts.workingweight", "pk": 9, "fields": {"workout": 2, "exercise": 124, "weight": "2.00", "unit": 1, "previous_parameter_value": "2.00", "previous_unit": 1, "manually_changed": false}}, {"model": "workouts.workingweight", "pk": 10, "fields": {"workout": 2, "exercise": 271, "weight": "28.00", "unit": 1, "previous_parameter_value": "28.00", "previous_unit": 1, "manually_changed": false}}, {"model": "workouts.workingweight", "pk": 11, "fields": {"workout": 3, "exercise": 113, "weight": "20.00", "unit": 1, "previous_parameter_value": "20.00", "previous_unit": 1, "manually_changed": false}}, {"model": "workouts.workingweight", "pk": 12, "fields": {"workout": 3, "exercise": 272, "weight": "16.00", "unit": 1, "previous_parameter_value": "16.00", "previous_unit": 1, "manually_changed": false}}, {"model": "workouts.workingweight", "pk": 13, "fields": {"workout": 3, "exercise": 273, "weight": null, "unit": 1, "previous_parameter_value": null, "previous_unit": null, "manually_changed": false}}, {"model": "workouts.workingweight", "pk": 14, "fields": {"workout": 3, "exercise": 166, "weight": "38.00", "unit": 1, "previous_parameter_value": "38.00", "previous_unit": 1, "manually_changed": false}}, {"model": "workouts.workingweight", "pk": 15, "fields": {"workout": 3, "exercise": 47, "weight": "28.00", "unit": 1, "previous_parameter_value": null, "previous_unit": null, "manually_changed": true}}, {"model": "workouts.workingweight", "pk": 16, "fields": {"workout": 3, "exercise": 154, "weight": null, "unit": 1, "previous_parameter_value": null, "previous_unit": null, "manually_changed": false}}, {"model": "workouts.workingweight", "pk": 17, "fields": {"workout": 3, "exercise": 72, "weight": "2.00", "unit": 1, "previous_parameter_value": null, "previous_unit": null, "manually_changed": true}}, {"model": "workouts.workingweight", "pk": 18, "fields": {"workout": 3, "exercise": 74, "weight": "2.00", "unit": 1, "previous_parameter_value": null, "previous_unit": null, "manually_changed": true}}, {"model": "workouts.workingweight", "pk": 19, "fields": {"workout": 3, "exercise": 124, "weight": "2.00", "unit": 1, "previous_parameter_value": "2.00", "previous_unit": 1, "manually_changed": false}}, {"model": "workouts.workingweight", "pk": 20, "fields": {"workout": 3, "exercise": 271, "weight": "28.00", "unit": 1, "previous_parameter_value": "28.00", "previous_unit": 1, "manually_changed": false}}, {"model": "workouts.workingweight", "pk": 21, "fields": {"workout": 4, "exercise": 113, "weight": "24.00", "unit": 1, "previous_parameter_value": "20.00", "previous_unit": 1, "manually_changed": true}}, {"model": "workouts.workingweight", "pk": 22, "fields": {"workout": 4, "exercise": 272, "weight": "18.00", "unit": 1, "previous_parameter_value": "16.00", "previous_unit": 1, "manually_changed": true}}, {"model": "workouts.workingweight", "pk": 23, "fields": {"workout": 4, "exercise": 273, "weight": null, "unit": 1, "previous_parameter_value": null, "previous_unit": 1, "manually_changed": false}}, {"model": "workouts.workingweight", "pk": 24, "fields": {"workout": 4, "exercise": 166, "weight": "38.00", "unit": 1, "previous_parameter_value": "38.00", "previous_unit": 1, "manually_changed": false}}, {"model": "workouts.workingweight", "pk": 25, "fields": {"workout": 4, "exercise": 47, "weight": "28.00", "unit": 1, "previous_parameter_value": "28.00", "previous_unit": 1, "manually_changed": false}}, {"model": "workouts.workingweight", "pk": 26, "fields": {"workout": 4, "exercise": 154, "weight": null, "unit": 1, "previous_parameter_value": null, "previous_unit": 1, "manually_changed": false}}, {"model": "workouts.workingweight", "pk": 27, "fields": {"workout": 4, "exercise": 72, "weight": "2.00", "unit": 1, "previous_parameter_value": "2.00", "previous_unit": 1, "manually_changed": false}}, {"model": "workouts.workingweight", "pk": 28, "fields": {"workout": 4, "exercise": 74, "weight": "2.00", "unit": 1, "previous_parameter_value": "2.00", "previous_unit": 1, "manually_changed": false}}, {"model": "workouts.workingweight", "pk": 29, "fields": {"workout": 4, "exercise": 124, "weight": "2.00", "unit": 1, "previous_parameter_value": "2.00", "previous_unit": 1, "manually_changed": false}}, {"model": "workouts.workingweight", "pk": 30, "fields": {"workout": 4, "exercise": 271, "weight": "28.00", "unit": 1, "previous_parameter_value": "28.00", "previous_unit": 1, "manually_changed": false}}, {"model": "workouts.workingweight", "pk": 31, "fields": {"workout": 5, "exercise": 113, "weight": "24.00", "unit": 1, "previous_parameter_value": "24.00", "previous_unit": 1, "manually_changed": false}}, {"model": "workouts.workingweight", "pk": 32, "fields": {"workout": 5, "exercise": 272, "weight": "18.00", "unit": 1, "previous_parameter_value": "18.00", "previous_unit": 1, "manually_changed": false}}, {"model": "workouts.workingweight", "pk": 33, "fields": {"workout": 5, "exercise": 273, "weight": null, "unit": 1, "previous_parameter_value": null, "previous_unit": 1, "manually_changed": false}}, {"model": "workouts.workingweight", "pk": 34, "fields": {"workout": 5, "exercise": 166, "weight": "40.00", "unit": 1, "previous_parameter_value": "38.00", "previous_unit": 1, "manually_changed": true}}, {"model": "workouts.workingweight", "pk": 35, "fields": {"workout": 5, "exercise": 47, "weight": "28.00", "unit": 1, "previous_parameter_value": "28.00", "previous_unit": 1, "manually_changed": false}}, {"model": "workouts.workingweight", "pk": 36, "fields": {"workout": 5, "exercise": 154, "weight": null, "unit": 1, "previous_parameter_value": null, "previous_unit": 1, "manually_changed": false}}, {"model": "workouts.workingweight", "pk": 37, "fields": {"workout": 5, "exercise": 72, "weight": "2.00", "unit": 1, "previous_parameter_value": "2.00", "previous_unit": 1, "manually_changed": false}}, {"model": "workouts.workingweight", "pk": 38, "fields": {"workout": 5, "exercise": 74, "weight": "2.00", "unit": 1, "previous_parameter_value": "2.00", "previous_unit": 1, "manually_changed": false}}, {"model": "workouts.workingweight", "pk": 39, "fields": {"workout": 5, "exercise": 124, "weight": "2.00", "unit": 1, "previous_parameter_value": "2.00", "previous_unit": 1, "manually_changed": false}}, {"model": "workouts.workingweight", "pk": 40, "fields": {"workout": 5, "exercise": 271, "weight": "30.00", "unit": 1, "previous_parameter_value": "28.00", "previous_unit": 1, "manually_changed": true}}, {"model": "workouts.workingweight", "pk": 41, "fields": {"workout": 6, "exercise": 113, "weight": "28.00", "unit": 1, "previous_parameter_value": "24.00", "previous_unit": 1, "manually_changed": true}}, {"model": "workouts.workingweight", "pk": 42, "fields": {"workout": 6, "exercise": 272, "weight": "20.00", "unit": 1, "previous_parameter_value": "18.00", "previous_unit": 1, "manually_changed": true}}, {"model": "workouts.workingweight", "pk": 43, "fields": {"workout": 6, "exercise": 273, "weight": null, "unit": 1, "previous_parameter_value": null, "previous_unit": 1, "manually_changed": false}}, {"model": "workouts.workingweight", "pk": 44, "fields": {"workout": 6, "exercise": 166, "weight": "40.00", "unit": 1, "previous_parameter_value": "40.00", "previous_unit": 1, "manually_changed": false}}, {"model": "workouts.workingweight", "pk": 45, "fields": {"workout": 6, "exercise": 47, "weight": "28.00", "unit": 1, "previous_parameter_value": "28.00", "previous_unit": 1, "manually_changed": false}}, {"model": "workouts.workingweight", "pk": 46, "fields": {"workout": 6, "exercise": 154, "weight": null, "unit": 1, "previous_parameter_value": null, "previous_unit": 1, "manually_changed": false}}, {"model": "workouts.workingweight", "pk": 47, "fields": {"workout": 6, "exercise": 72, "weight": "2.00", "unit": 1, "previous_parameter_value": "2.00", "previous_unit": 1, "manually_changed": false}}, {"model": "workouts.workingweight", "pk": 48, "fields": {"workout": 6, "exercise": 74, "weight": "2.00", "unit": 1, "previous_parameter_value": "2.00", "previous_unit": 1, "manually_changed": false}}, {"model": "workouts.workingweight", "pk": 49, "fields": {"workout": 6, "exercise": 124, "weight": "2.00", "unit": 1, "previous_parameter_value": "2.00", "previous_unit": 1, "manually_changed": false}}, {"model": "workouts.workingweight", "pk": 50, "fields": {"workout": 6, "exercise": 271, "weight": "30.00", "unit": 1, "previous_parameter_value": "30.00", "previous_unit": 1, "manually_changed": false}}, {"model": "workouts.workoutset", "pk": 1, "fields": {"order": 1, "start": null, "end": "2020-05-20T23:42:07.287Z", "exercise": 166, "repetition_type": "s", "expected_number_of_repetitions": 5, "expected_number_of_repetitions_up_to": null, "number_of_repetitions": 5, "weight": "38.00", "unit": 1, "in_progress": false, "done": true, "working_parameter_percentage": "100.000", "workout_group": 1, "plan_session_group_activity": 1}}, {"model": "workouts.workoutset", "pk": 2, "fields": {"order": 1, "start": "2020-05-20T23:42:07.288Z", "end": "2020-05-20T23:42:08.470Z", "exercise": 166, "repetition_type": "s", "expected_number_of_repetitions": 5, "expected_number_of_repetitions_up_to": null, "number_of_repetitions": 5, "weight": "38.00", "unit": 1, "in_progress": false, "done": true, "working_parameter_percentage": "100.000", "workout_group": 1, "plan_session_group_activity": 1}}, {"model": "workouts.workoutset", "pk": 3, "fields": {"order": 2, "start": "2020-05-20T23:42:08.472Z", "end": "2020-05-20T23:42:24.745Z", "exercise": 166, "repetition_type": "a", "expected_number_of_repetitions": null, "expected_number_of_repetitions_up_to": null, "number_of_repetitions": 6, "weight": "38.00", "unit": 1, "in_progress": false, "done": true, "working_parameter_percentage": "100.000", "workout_group": 1, "plan_session_group_activity": 2}}, {"model": "workouts.workoutset", "pk": 4, "fields": {"order": 1, "start": "2020-05-20T23:42:24.748Z", "end": "2020-05-20T23:42:35.807Z", "exercise": 271, "repetition_type": "s", "expected_number_of_repetitions": 8, "expected_number_of_repetitions_up_to": null, "number_of_repetitions": 8, "weight": "28.00", "unit": 1, "in_progress": false, "done": true, "working_parameter_percentage": "100.000", "workout_group": 2, "plan_session_group_activity": 3}}, {"model": "workouts.workoutset", "pk": 5, "fields": {"order": 1, "start": "2020-05-20T23:42:35.808Z", "end": "2020-05-20T23:42:37.064Z", "exercise": 271, "repetition_type": "s", "expected_number_of_repetitions": 8, "expected_number_of_repetitions_up_to": null, "number_of_repetitions": 8, "weight": "28.00", "unit": 1, "in_progress": false, "done": true, "working_parameter_percentage": "100.000", "workout_group": 2, "plan_session_group_activity": 3}}, {"model": "workouts.workoutset", "pk": 6, "fields": {"order": 1, "start": "2020-05-20T23:42:37.067Z", "end": "2020-05-20T23:42:38.283Z", "exercise": 271, "repetition_type": "s", "expected_number_of_repetitions": 8, "expected_number_of_repetitions_up_to": null, "number_of_repetitions": 8, "weight": "28.00", "unit": 1, "in_progress": false, "done": true, "working_parameter_percentage": "100.000", "workout_group": 2, "plan_session_group_activity": 3}}, {"model": "workouts.workoutset", "pk": 7, "fields": {"order": 1, "start": null, "end": "2020-05-20T23:47:04.957Z", "exercise": 113, "repetition_type": "s", "expected_number_of_repetitions": 5, "expected_number_of_repetitions_up_to": null, "number_of_repetitions": 5, "weight": "20.00", "unit": 1, "in_progress": false, "done": true, "working_parameter_percentage": "100.000", "workout_group": 3, "plan_session_group_activity": 4}}, {"model": "workouts.workoutset", "pk": 8, "fields": {"order": 1, "start": "2020-05-20T23:47:04.959Z", "end": "2020-05-20T23:47:06.571Z", "exercise": 113, "repetition_type": "s", "expected_number_of_repetitions": 5, "expected_number_of_repetitions_up_to": null, "number_of_repetitions": 5, "weight": "20.00", "unit": 1, "in_progress": false, "done": true, "working_parameter_percentage": "100.000", "workout_group": 3, "plan_session_group_activity": 4}}, {"model": "workouts.workoutset", "pk": 9, "fields": {"order": 1, "start": "2020-05-20T23:47:06.572Z", "end": "2020-05-20T23:47:07.355Z", "exercise": 113, "repetition_type": "s", "expected_number_of_repetitions": 5, "expected_number_of_repetitions_up_to": null, "number_of_repetitions": 5, "weight": "20.00", "unit": 1, "in_progress": false, "done": true, "working_parameter_percentage": "100.000", "workout_group": 3, "plan_session_group_activity": 4}}, {"model": "workouts.workoutset", "pk": 10, "fields": {"order": 1, "start": "2020-05-20T23:47:07.359Z", "end": "2020-05-20T23:47:09.946Z", "exercise": 113, "repetition_type": "s", "expected_number_of_repetitions": 5, "expected_number_of_repetitions_up_to": null, "number_of_repetitions": 5, "weight": "20.00", "unit": 1, "in_progress": false, "done": true, "working_parameter_percentage": "100.000", "workout_group": 3, "plan_session_group_activity": 4}}, {"model": "workouts.workoutset", "pk": 11, "fields": {"order": 2, "start": "2020-05-20T23:47:09.947Z", "end": "2020-05-20T23:47:15.095Z", "exercise": 113, "repetition_type": "a", "expected_number_of_repetitions": null, "expected_number_of_repetitions_up_to": null, "number_of_repetitions": 8, "weight": "20.00", "unit": 1, "in_progress": false, "done": true, "working_parameter_percentage": "100.000", "workout_group": 3, "plan_session_group_activity": 5}}, {"model": "workouts.workoutset", "pk": 12, "fields": {"order": 1, "start": null, "end": "2020-05-20T23:47:31.761Z", "exercise": 272, "repetition_type": "s", "expected_number_of_repetitions": 5, "expected_number_of_repetitions_up_to": null, "number_of_repetitions": 5, "weight": "16.00", "unit": 1, "in_progress": false, "done": true, "working_parameter_percentage": "100.000", "workout_group": 4, "plan_session_group_activity": 8}}, {"model": "workouts.workoutset", "pk": 13, "fields": {"order": 1, "start": "2020-05-20T23:47:31.763Z", "end": "2020-05-20T23:47:32.601Z", "exercise": 272, "repetition_type": "s", "expected_number_of_repetitions": 5, "expected_number_of_repetitions_up_to": null, "number_of_repetitions": 5, "weight": "16.00", "unit": 1, "in_progress": false, "done": true, "working_parameter_percentage": "100.000", "workout_group": 4, "plan_session_group_activity": 8}}, {"model": "workouts.workoutset", "pk": 14, "fields": {"order": 1, "start": "2020-05-20T23:47:32.602Z", "end": "2020-05-20T23:47:34.098Z", "exercise": 272, "repetition_type": "s", "expected_number_of_repetitions": 5, "expected_number_of_repetitions_up_to": null, "number_of_repetitions": 5, "weight": "16.00", "unit": 1, "in_progress": false, "done": true, "working_parameter_percentage": "100.000", "workout_group": 4, "plan_session_group_activity": 8}}, {"model": "workouts.workoutset", "pk": 15, "fields": {"order": 1, "start": "2020-05-20T23:47:34.100Z", "end": "2020-05-20T23:47:34.764Z", "exercise": 272, "repetition_type": "s", "expected_number_of_repetitions": 5, "expected_number_of_repetitions_up_to": null, "number_of_repetitions": 5, "weight": "16.00", "unit": 1, "in_progress": false, "done": true, "working_parameter_percentage": "100.000", "workout_group": 4, "plan_session_group_activity": 8}}, {"model": "workouts.workoutset", "pk": 16, "fields": {"order": 2, "start": "2020-05-20T23:47:34.765Z", "end": "2020-05-20T23:47:35.663Z", "exercise": 272, "repetition_type": "a", "expected_number_of_repetitions": null, "expected_number_of_repetitions_up_to": null, "number_of_repetitions": 5, "weight": "16.00", "unit": 1, "in_progress": false, "done": true, "working_parameter_percentage": "100.000", "workout_group": 4, "plan_session_group_activity": 9}}, {"model": "workouts.workoutset", "pk": 17, "fields": {"order": 1, "start": "2020-05-20T23:47:35.664Z", "end": "2020-05-20T23:47:55.073Z", "exercise": 124, "repetition_type": "s", "expected_number_of_repetitions": 12, "expected_number_of_repetitions_up_to": null, "number_of_repetitions": 12, "weight": "2.00", "unit": 1, "in_progress": false, "done": true, "working_parameter_percentage": "100.000", "workout_group": 5, "plan_session_group_activity": 10}}, {"model": "workouts.workoutset", "pk": 18, "fields": {"order": 1, "start": "2020-05-20T23:47:55.077Z", "end": "2020-05-20T23:47:57.232Z", "exercise": 124, "repetition_type": "s", "expected_number_of_repetitions": 12, "expected_number_of_repetitions_up_to": null, "number_of_repetitions": 12, "weight": "2.00", "unit": 1, "in_progress": false, "done": true, "working_parameter_percentage": "100.000", "workout_group": 5, "plan_session_group_activity": 10}}, {"model": "workouts.workoutset", "pk": 19, "fields": {"order": 1, "start": "2020-05-20T23:47:57.233Z", "end": "2020-05-20T23:47:58.062Z", "exercise": 124, "repetition_type": "s", "expected_number_of_repetitions": 12, "expected_number_of_repetitions_up_to": null, "number_of_repetitions": 12, "weight": "2.00", "unit": 1, "in_progress": false, "done": true, "working_parameter_percentage": "100.000", "workout_group": 5, "plan_session_group_activity": 10}}, {"model": "workouts.workoutset", "pk": 20, "fields": {"order": 1, "start": null, "end": "2020-05-20T23:49:23.123Z", "exercise": 47, "repetition_type": "s", "expected_number_of_repetitions": 5, "expected_number_of_repetitions_up_to": null, "number_of_repetitions": 5, "weight": "28.00", "unit": 1, "in_progress": false, "done": true, "working_parameter_percentage": "100.000", "workout_group": 6, "plan_session_group_activity": 12}}, {"model": "workouts.workoutset", "pk": 21, "fields": {"order": 1, "start": "2020-05-20T23:49:23.126Z", "end": "2020-05-20T23:49:30.305Z", "exercise": 47, "repetition_type": "s", "expected_number_of_repetitions": 5, "expected_number_of_repetitions_up_to": null, "number_of_repetitions": 5, "weight": "28.00", "unit": 1, "in_progress": false, "done": true, "working_parameter_percentage": "100.000", "workout_group": 6, "plan_session_group_activity": 12}}, {"model": "workouts.workoutset", "pk": 22, "fields": {"order": 1, "start": "2020-05-20T23:49:30.306Z", "end": "2020-05-20T23:49:31.753Z", "exercise": 47, "repetition_type": "s", "expected_number_of_repetitions": 5, "expected_number_of_repetitions_up_to": null, "number_of_repetitions": 5, "weight": "28.00", "unit": 1, "in_progress": false, "done": true, "working_parameter_percentage": "100.000", "workout_group": 6, "plan_session_group_activity": 12}}, {"model": "workouts.workoutset", "pk": 23, "fields": {"order": 1, "start": "2020-05-20T23:49:31.754Z", "end": "2020-05-20T23:49:32.601Z", "exercise": 47, "repetition_type": "s", "expected_number_of_repetitions": 5, "expected_number_of_repetitions_up_to": null, "number_of_repetitions": 5, "weight": "28.00", "unit": 1, "in_progress": false, "done": true, "working_parameter_percentage": "100.000", "workout_group": 6, "plan_session_group_activity": 12}}, {"model": "workouts.workoutset", "pk": 24, "fields": {"order": 2, "start": "2020-05-20T23:49:32.602Z", "end": "2020-05-20T23:49:33.462Z", "exercise": 47, "repetition_type": "a", "expected_number_of_repetitions": null, "expected_number_of_repetitions_up_to": null, "number_of_repetitions": 8, "weight": "28.00", "unit": 1, "in_progress": false, "done": true, "working_parameter_percentage": "100.000", "workout_group": 6, "plan_session_group_activity": 13}}, {"model": "workouts.workoutset", "pk": 25, "fields": {"order": 1, "start": "2020-05-20T23:49:33.464Z", "end": "2020-05-20T23:49:42.704Z", "exercise": 74, "repetition_type": "r", "expected_number_of_repetitions": 8, "expected_number_of_repetitions_up_to": 12, "number_of_repetitions": 12, "weight": "2.00", "unit": 1, "in_progress": false, "done": true, "working_parameter_percentage": "100.000", "workout_group": 7, "plan_session_group_activity": 14}}, {"model": "workouts.workoutset", "pk": 26, "fields": {"order": 1, "start": "2020-05-20T23:49:42.705Z", "end": "2020-05-20T23:49:43.776Z", "exercise": 74, "repetition_type": "r", "expected_number_of_repetitions": 8, "expected_number_of_repetitions_up_to": 12, "number_of_repetitions": 12, "weight": "2.00", "unit": 1, "in_progress": false, "done": true, "working_parameter_percentage": "100.000", "workout_group": 7, "plan_session_group_activity": 14}}, {"model": "workouts.workoutset", "pk": 27, "fields": {"order": 2, "start": "2020-05-20T23:49:43.779Z", "end": "2020-05-20T23:49:44.576Z", "exercise": 72, "repetition_type": "r", "expected_number_of_repetitions": 8, "expected_number_of_repetitions_up_to": 12, "number_of_repetitions": 12, "weight": "2.00", "unit": 1, "in_progress": false, "done": true, "working_parameter_percentage": "100.000", "workout_group": 7, "plan_session_group_activity": 15}}, {"model": "workouts.workoutset", "pk": 28, "fields": {"order": 2, "start": "2020-05-20T23:49:44.577Z", "end": "2020-05-20T23:49:45.313Z", "exercise": 72, "repetition_type": "r", "expected_number_of_repetitions": 8, "expected_number_of_repetitions_up_to": 12, "number_of_repetitions": 12, "weight": "2.00", "unit": 1, "in_progress": false, "done": true, "working_parameter_percentage": "100.000", "workout_group": 7, "plan_session_group_activity": 15}}, {"model": "workouts.workoutset", "pk": 29, "fields": {"order": 1, "start": null, "end": "2020-05-20T23:52:59.530Z", "exercise": 113, "repetition_type": "s", "expected_number_of_repetitions": 5, "expected_number_of_repetitions_up_to": null, "number_of_repetitions": 5, "weight": "24.00", "unit": 1, "in_progress": false, "done": true, "working_parameter_percentage": "100.000", "workout_group": 8, "plan_session_group_activity": 4}}, {"model": "workouts.workoutset", "pk": 30, "fields": {"order": 1, "start": "2020-05-20T23:52:59.531Z", "end": "2020-05-20T23:53:00.479Z", "exercise": 113, "repetition_type": "s", "expected_number_of_repetitions": 5, "expected_number_of_repetitions_up_to": null, "number_of_repetitions": 5, "weight": "24.00", "unit": 1, "in_progress": false, "done": true, "working_parameter_percentage": "100.000", "workout_group": 8, "plan_session_group_activity": 4}}, {"model": "workouts.workoutset", "pk": 31, "fields": {"order": 1, "start": "2020-05-20T23:53:00.482Z", "end": "2020-05-20T23:53:01.332Z", "exercise": 113, "repetition_type": "s", "expected_number_of_repetitions": 5, "expected_number_of_repetitions_up_to": null, "number_of_repetitions": 5, "weight": "24.00", "unit": 1, "in_progress": false, "done": true, "working_parameter_percentage": "100.000", "workout_group": 8, "plan_session_group_activity": 4}}, {"model": "workouts.workoutset", "pk": 32, "fields": {"order": 1, "start": "2020-05-20T23:53:01.334Z", "end": "2020-05-20T23:53:02.258Z", "exercise": 113, "repetition_type": "s", "expected_number_of_repetitions": 5, "expected_number_of_repetitions_up_to": null, "number_of_repetitions": 5, "weight": "24.00", "unit": 1, "in_progress": false, "done": true, "working_parameter_percentage": "100.000", "workout_group": 8, "plan_session_group_activity": 4}}, {"model": "workouts.workoutset", "pk": 33, "fields": {"order": 2, "start": "2020-05-20T23:53:02.260Z", "end": "2020-05-20T23:53:07.641Z", "exercise": 113, "repetition_type": "a", "expected_number_of_repetitions": null, "expected_number_of_repetitions_up_to": null, "number_of_repetitions": 10, "weight": "24.00", "unit": 1, "in_progress": false, "done": true, "working_parameter_percentage": "100.000", "workout_group": 8, "plan_session_group_activity": 5}}, {"model": "workouts.workoutset", "pk": 34, "fields": {"order": 1, "start": "2020-05-20T23:53:07.643Z", "end": "2020-05-20T23:53:53.114Z", "exercise": 272, "repetition_type": "s", "expected_number_of_repetitions": 8, "expected_number_of_repetitions_up_to": null, "number_of_repetitions": 8, "weight": "18.00", "unit": 1, "in_progress": false, "done": true, "working_parameter_percentage": "100.000", "workout_group": 9, "plan_session_group_activity": 7}}, {"model": "workouts.workoutset", "pk": 35, "fields": {"order": 1, "start": "2020-05-20T23:53:53.117Z", "end": "2020-05-20T23:53:53.974Z", "exercise": 272, "repetition_type": "s", "expected_number_of_repetitions": 8, "expected_number_of_repetitions_up_to": null, "number_of_repetitions": 8, "weight": "18.00", "unit": 1, "in_progress": false, "done": true, "working_parameter_percentage": "100.000", "workout_group": 9, "plan_session_group_activity": 7}}, {"model": "workouts.workoutset", "pk": 36, "fields": {"order": 1, "start": "2020-05-20T23:53:53.977Z", "end": "2020-05-20T23:53:55.111Z", "exercise": 272, "repetition_type": "s", "expected_number_of_repetitions": 8, "expected_number_of_repetitions_up_to": null, "number_of_repetitions": 8, "weight": "18.00", "unit": 1, "in_progress": false, "done": true, "working_parameter_percentage": "100.000", "workout_group": 9, "plan_session_group_activity": 7}}, {"model": "workouts.workoutset", "pk": 37, "fields": {"order": 1, "start": "2020-05-20T23:53:55.113Z", "end": "2020-05-20T23:54:02.849Z", "exercise": 124, "repetition_type": "s", "expected_number_of_repetitions": 12, "expected_number_of_repetitions_up_to": null, "number_of_repetitions": 12, "weight": "2.00", "unit": 1, "in_progress": false, "done": true, "working_parameter_percentage": "100.000", "workout_group": 10, "plan_session_group_activity": 10}}, {"model": "workouts.workoutset", "pk": 38, "fields": {"order": 1, "start": "2020-05-20T23:54:02.851Z", "end": "2020-05-20T23:54:03.680Z", "exercise": 124, "repetition_type": "s", "expected_number_of_repetitions": 12, "expected_number_of_repetitions_up_to": null, "number_of_repetitions": 12, "weight": "2.00", "unit": 1, "in_progress": false, "done": true, "working_parameter_percentage": "100.000", "workout_group": 10, "plan_session_group_activity": 10}}, {"model": "workouts.workoutset", "pk": 39, "fields": {"order": 1, "start": "2020-05-20T23:54:03.680Z", "end": "2020-05-20T23:54:04.471Z", "exercise": 124, "repetition_type": "s", "expected_number_of_repetitions": 12, "expected_number_of_repetitions_up_to": null, "number_of_repetitions": 12, "weight": "2.00", "unit": 1, "in_progress": false, "done": true, "working_parameter_percentage": "100.000", "workout_group": 10, "plan_session_group_activity": 10}}, {"model": "workouts.workoutset", "pk": 40, "fields": {"order": 1, "start": null, "end": "2020-05-20T23:56:36.941Z", "exercise": 166, "repetition_type": "s", "expected_number_of_repetitions": 5, "expected_number_of_repetitions_up_to": null, "number_of_repetitions": 5, "weight": "40.00", "unit": 1, "in_progress": false, "done": true, "working_parameter_percentage": "100.000", "workout_group": 11, "plan_session_group_activity": 1}}, {"model": "workouts.workoutset", "pk": 41, "fields": {"order": 1, "start": "2020-05-20T23:56:36.944Z", "end": "2020-05-20T23:56:37.774Z", "exercise": 166, "repetition_type": "s", "expected_number_of_repetitions": 5, "expected_number_of_repetitions_up_to": null, "number_of_repetitions": 5, "weight": "40.00", "unit": 1, "in_progress": false, "done": true, "working_parameter_percentage": "100.000", "workout_group": 11, "plan_session_group_activity": 1}}, {"model": "workouts.workoutset", "pk": 42, "fields": {"order": 2, "start": "2020-05-20T23:56:37.775Z", "end": "2020-05-20T23:56:39.775Z", "exercise": 166, "repetition_type": "a", "expected_number_of_repetitions": null, "expected_number_of_repetitions_up_to": null, "number_of_repetitions": 6, "weight": "40.00", "unit": 1, "in_progress": false, "done": true, "working_parameter_percentage": "100.000", "workout_group": 11, "plan_session_group_activity": 2}}, {"model": "workouts.workoutset", "pk": 43, "fields": {"order": 1, "start": "2020-05-20T23:56:39.776Z", "end": "2020-05-20T23:56:47.484Z", "exercise": 271, "repetition_type": "s", "expected_number_of_repetitions": 8, "expected_number_of_repetitions_up_to": null, "number_of_repetitions": 8, "weight": "30.00", "unit": 1, "in_progress": false, "done": true, "working_parameter_percentage": "100.000", "workout_group": 12, "plan_session_group_activity": 3}}, {"model": "workouts.workoutset", "pk": 44, "fields": {"order": 1, "start": "2020-05-20T23:56:47.485Z", "end": "2020-05-20T23:56:48.371Z", "exercise": 271, "repetition_type": "s", "expected_number_of_repetitions": 8, "expected_number_of_repetitions_up_to": null, "number_of_repetitions": 8, "weight": "30.00", "unit": 1, "in_progress": false, "done": true, "working_parameter_percentage": "100.000", "workout_group": 12, "plan_session_group_activity": 3}}, {"model": "workouts.workoutset", "pk": 45, "fields": {"order": 1, "start": "2020-05-20T23:56:48.374Z", "end": "2020-05-20T23:56:49.233Z", "exercise": 271, "repetition_type": "s", "expected_number_of_repetitions": 8, "expected_number_of_repetitions_up_to": null, "number_of_repetitions": 8, "weight": "30.00", "unit": 1, "in_progress": false, "done": true, "working_parameter_percentage": "100.000", "workout_group": 12, "plan_session_group_activity": 3}}, {"model": "workouts.workoutset", "pk": 46, "fields": {"order": 1, "start": "2020-05-20T23:58:31.028Z", "end": "2020-05-20T23:59:40.380Z", "exercise": 113, "repetition_type": "s", "expected_number_of_repetitions": 8, "expected_number_of_repetitions_up_to": null, "number_of_repetitions": 8, "weight": "28.00", "unit": 1, "in_progress": false, "done": true, "working_parameter_percentage": "100.000", "workout_group": 13, "plan_session_group_activity": 6}}, {"model": "workouts.workoutset", "pk": 47, "fields": {"order": 1, "start": "2020-05-20T23:59:40.382Z", "end": "2020-05-20T23:59:41.426Z", "exercise": 113, "repetition_type": "s", "expected_number_of_repetitions": 8, "expected_number_of_repetitions_up_to": null, "number_of_repetitions": 8, "weight": "28.00", "unit": 1, "in_progress": false, "done": true, "working_parameter_percentage": "100.000", "workout_group": 13, "plan_session_group_activity": 6}}, {"model": "workouts.workoutset", "pk": 48, "fields": {"order": 1, "start": "2020-05-20T23:59:41.427Z", "end": "2020-05-20T23:59:42.385Z", "exercise": 113, "repetition_type": "s", "expected_number_of_repetitions": 8, "expected_number_of_repetitions_up_to": null, "number_of_repetitions": 8, "weight": "28.00", "unit": 1, "in_progress": false, "done": true, "working_parameter_percentage": "100.000", "workout_group": 13, "plan_session_group_activity": 6}}, {"model": "workouts.workoutset", "pk": 49, "fields": {"order": 1, "start": "2020-05-20T23:59:42.387Z", "end": "2020-05-20T23:59:47.691Z", "exercise": 272, "repetition_type": "s", "expected_number_of_repetitions": 5, "expected_number_of_repetitions_up_to": null, "number_of_repetitions": 5, "weight": "20.00", "unit": 1, "in_progress": false, "done": true, "working_parameter_percentage": "100.000", "workout_group": 14, "plan_session_group_activity": 8}}, {"model": "workouts.workoutset", "pk": 50, "fields": {"order": 1, "start": "2020-05-20T23:59:47.694Z", "end": "2020-05-20T23:59:48.541Z", "exercise": 272, "repetition_type": "s", "expected_number_of_repetitions": 5, "expected_number_of_repetitions_up_to": null, "number_of_repetitions": 5, "weight": "20.00", "unit": 1, "in_progress": false, "done": true, "working_parameter_percentage": "100.000", "workout_group": 14, "plan_session_group_activity": 8}}, {"model": "workouts.workoutset", "pk": 51, "fields": {"order": 1, "start": "2020-05-20T23:59:48.542Z", "end": "2020-05-20T23:59:49.257Z", "exercise": 272, "repetition_type": "s", "expected_number_of_repetitions": 5, "expected_number_of_repetitions_up_to": null, "number_of_repetitions": 5, "weight": "20.00", "unit": 1, "in_progress": false, "done": true, "working_parameter_percentage": "100.000", "workout_group": 14, "plan_session_group_activity": 8}}, {"model": "workouts.workoutset", "pk": 52, "fields": {"order": 1, "start": "2020-05-20T23:59:49.258Z", "end": "2020-05-20T23:59:56.660Z", "exercise": 272, "repetition_type": "s", "expected_number_of_repetitions": 5, "expected_number_of_repetitions_up_to": null, "number_of_repetitions": 5, "weight": "20.00", "unit": 1, "in_progress": false, "done": true, "working_parameter_percentage": "100.000", "workout_group": 14, "plan_session_group_activity": 8}}, {"model": "workouts.workoutset", "pk": 53, "fields": {"order": 2, "start": null, "end": "2020-05-20T23:59:51.673Z", "exercise": 272, "repetition_type": "a", "expected_number_of_repetitions": null, "expected_number_of_repetitions_up_to": null, "number_of_repetitions": 8, "weight": "20.00", "unit": 1, "in_progress": false, "done": true, "working_parameter_percentage": "100.000", "workout_group": 14, "plan_session_group_activity": 9}}, {"model": "workouts.workoutwarmup", "pk": 1, "fields": {"order": 1, "start": "2020-05-20T23:41:35.690Z", "end": null, "exercise": 166, "repetition_type": "s", "expected_number_of_repetitions": 5, "expected_number_of_repetitions_up_to": null, "number_of_repetitions": 5, "weight": "0.00", "unit": 1, "in_progress": false, "done": false, "working_parameter_percentage": "0.000", "workout_group": 1, "plan_session_group_activity": 1}}, {"model": "workouts.workoutwarmup", "pk": 2, "fields": {"order": 4, "start": null, "end": null, "exercise": 166, "repetition_type": "s", "expected_number_of_repetitions": 3, "expected_number_of_repetitions_up_to": null, "number_of_repetitions": 3, "weight": "22.80", "unit": 1, "in_progress": false, "done": false, "working_parameter_percentage": "60.000", "workout_group": 1, "plan_session_group_activity": 4}}, {"model": "workouts.workoutwarmup", "pk": 3, "fields": {"order": 1, "start": "2020-05-20T23:55:49.404Z", "end": null, "exercise": 166, "repetition_type": "s", "expected_number_of_repetitions": 5, "expected_number_of_repetitions_up_to": null, "number_of_repetitions": 5, "weight": "0.00", "unit": 1, "in_progress": false, "done": false, "working_parameter_percentage": "0.000", "workout_group": 11, "plan_session_group_activity": 1}}, {"model": "workouts.workoutwarmup", "pk": 4, "fields": {"order": 2, "start": null, "end": null, "exercise": 166, "repetition_type": "s", "expected_number_of_repetitions": 5, "expected_number_of_repetitions_up_to": null, "number_of_repetitions": 5, "weight": "8.00", "unit": 1, "in_progress": false, "done": false, "working_parameter_percentage": "20.000", "workout_group": 11, "plan_session_group_activity": 2}}, {"model": "workouts.workoutwarmup", "pk": 5, "fields": {"order": 3, "start": null, "end": null, "exercise": 166, "repetition_type": "s", "expected_number_of_repetitions": 4, "expected_number_of_repetitions_up_to": null, "number_of_repetitions": 4, "weight": "16.00", "unit": 1, "in_progress": false, "done": false, "working_parameter_percentage": "40.000", "workout_group": 11, "plan_session_group_activity": 3}}, {"model": "workouts.workoutwarmup", "pk": 6, "fields": {"order": 4, "start": null, "end": null, "exercise": 166, "repetition_type": "s", "expected_number_of_repetitions": 3, "expected_number_of_repetitions_up_to": null, "number_of_repetitions": 3, "weight": "24.00", "unit": 1, "in_progress": false, "done": false, "working_parameter_percentage": "60.000", "workout_group": 11, "plan_session_group_activity": 4}}, {"model": "workouts.workoutwarmup", "pk": 7, "fields": {"order": 5, "start": null, "end": null, "exercise": 166, "repetition_type": "s", "expected_number_of_repetitions": 2, "expected_number_of_repetitions_up_to": null, "number_of_repetitions": 2, "weight": "32.00", "unit": 1, "in_progress": false, "done": false, "working_parameter_percentage": "80.000", "workout_group": 11, "plan_session_group_activity": 5}}]